"2619298","In Virginia, Women Form an Insurgency to Try to Topple Republican Dave Brat","https://www.nytimes.com/2018/08/09/us/politics/dave-brat-women-virginia.html","2018-08-10 00:00:00","2018-08-09 12:00:00","1","175820","28091","2018-08-10 12:03:44","2018-08-14 11:38:57",\N,\N,\N,\N,\N,\N,"https://www.nytimes.com/2018/08/09/us/politics/dave-brat-women-virginia.html",\N
"2619321","Laura Ingraham condemned after saying immigrants destroy ‘the America we love’","https://www.theguardian.com/media/2018/aug/09/laura-ingraham-fox-news-attacks-immigrants","2018-08-10 00:00:00","2018-08-09 12:34:45","0","175800","13990","2018-08-10 12:05:55","2018-08-14 11:40:56",\N,\N,\N,\N,\N,\N,"https://www.theguardian.com/media/2018/aug/09/laura-ingraham-fox-news-attacks-immigrants?CMP=share_btn_tw",\N
"2619372","Kanye West says he was worried about Kim Kardashian alone with Trump","http://www.dailymail.co.uk/news/article-6046275/Hes-player-Kanye-West-jokes-worried-wife-Kim-Trump.html","2018-08-10 00:00:00","2018-08-10 01:54:00","1","175801","142","2018-08-10 12:10:04","2018-08-14 11:33:55",\N,\N,\N,\N,\N,\N,"https://dailym.ai/2vzhgCP",\N
"2619373","Kristen Bell rocks dress with floral print at Jimmy Kimmel Live studio","http://www.dailymail.co.uk/tvshowbiz/article-6042361/Kristen-Bell-rocks-little-brown-dress-floral-print-arrives-Jimmy-Kimmel-Live-studio.html","2018-08-09 00:00:00","2018-08-10 03:18:00","1","175801","142","2018-08-10 12:10:23","2018-08-14 11:34:18",\N,\N,\N,\N,\N,\N,"https://dailym.ai/2vuCj9L",\N
"2619374","Kim Kardashian recalls the HILARIOUS moment daughter North asked her why she is famous","http://www.dailymail.co.uk/tvshowbiz/article-6045609/Kim-Kardashian-recalls-HILARIOUS-moment-daughter-North-asked-famous.html","2018-08-10 00:00:00","2018-08-10 20:56:00","1","175801","142","2018-08-10 12:10:38","2018-08-14 11:34:27",\N,\N,\N,\N,\N,\N,"https://dailym.ai/2AXCKhR",\N
"2619534","Kanye West to Jimmy Kimmel on Trump: It’s ‘Not About Policies’","https://www.nytimes.com/2018/08/10/arts/television/jimmy-kimmel-kanye-west-trump.html","2018-08-10 00:00:00","2018-08-10 12:00:00","1","175801","28091","2018-08-10 12:23:00","2018-08-14 11:49:06",\N,\N,\N,\N,\N,\N,"https://www.nytimes.com/2018/08/10/arts/television/jimmy-kimmel-kanye-west-trump.html",\N
"2619559","Jimmy Kimmel on Space Force: 'Michael Bay is on board to direct'","https://www.theguardian.com/culture/2018/aug/10/late-night-roundup-jimmy-kimmel-space-force","2018-08-10 00:00:00","2018-08-10 10:49:13","0","175902","13990","2018-08-10 12:24:40","2018-08-14 11:50:48",\N,\N,\N,\N,\N,\N,"https://www.theguardian.com/culture/2018/aug/10/late-night-roundup-jimmy-kimmel-space-force?CMP=share_btn_tw",\N
"2619560","'Mars awaits': Trump supporters to vote on logo for space force","https://www.theguardian.com/science/2018/aug/10/mars-awaits-trump-supporters-to-vote-on-logo-for-space-force","2018-08-10 00:00:00","2018-08-10 00:18:20","0","175912","13990","2018-08-10 12:24:44","2018-08-14 11:50:51",\N,\N,\N,\N,\N,\N,"https://www.theguardian.com/science/2018/aug/10/mars-awaits-trump-supporters-to-vote-on-logo-for-space-force?CMP=share_btn_tw",\N
"2619561","Friday briefing: Space farce? Trump's star wars plan a 'dumb idea'","https://www.theguardian.com/world/2018/aug/10/friday-briefing-space-farce-trumps-star-wars-plan-a-dumb-idea","2018-08-10 00:00:00","2018-08-10 01:25:27","0","175906","13990","2018-08-10 12:24:48","2018-08-14 11:50:54",\N,\N,\N,\N,\N,\N,"https://www.theguardian.com/world/2018/aug/10/friday-briefing-space-farce-trumps-star-wars-plan-a-dumb-idea?CMP=share_btn_tw",\N
"2619657","Kremlin accuses US of 'demonising Russia' with new sanctions","http://www.dailymail.co.uk/news/article-6043925/Kremlin-accuses-demonising-Russia-new-sanctions-wake-Novichok-attack.html","2018-08-09 00:00:00","2018-08-10 11:01:00","1","175896","142","2018-08-10 12:50:28","2018-08-14 11:38:34",\N,\N,\N,\N,\N,\N,"https://dailym.ai/2OUGFyM",\N
"2619658","Russia says US curbs on its banks would be an act of economic war","http://www.dailymail.co.uk/news/article-6046421/U-S-curbs-Russian-banks-act-economic-war-PM.html","2018-08-10 00:00:00","2018-08-10 02:28:00","1","175896","142","2018-08-10 12:51:10","2018-08-14 11:38:58",\N,\N,\N,\N,\N,\N,"https://dailym.ai/2OXDSF6",\N
"2619659","Turkey's President Erdogan claims currency crisis is 'national battle'","http://www.dailymail.co.uk/news/article-6047441/Turkeys-President-Erdogan-claims-currency-crisis-national-battle-against-economic-enemies.html","2018-08-10 09:44:29","2018-08-10 09:18:00","1","175796","142","2018-08-10 12:51:57","2018-08-14 11:39:48",\N,\N,\N,\N,\N,\N,"https://dailym.ai/2AZBiLX",\N
"2619660","Trump increases tariffs on Turkey with lira in free fall amid crisis over U.S. preacher","http://www.dailymail.co.uk/news/article-6047737/Trump-increases-tariffs-Turkey-lira-free-fall-amid-crisis-U-S-preacher.html","2018-08-10 10:57:51","2018-08-10 10:16:00","1","175796","142","2018-08-10 12:52:03","2018-08-14 11:40:33",\N,\N,\N,\N,\N,\N,"https://dailym.ai/2OWsoSl",\N
"2619661","Just who are Burnley's Europa League opponents Istanbul Basaksehir?","http://www.dailymail.co.uk/sport/football/article-6039945/Just-Burnleys-Europa-League-opponents-Istanbul-Basaksehir.html","2018-08-08 12:46:26","2018-08-10 11:43:00","1","176042","142","2018-08-10 12:52:20","2018-08-14 11:41:25",\N,\N,\N,\N,\N,\N,"https://dailym.ai/2vsArOM",\N
"2619662","'He’s still got a desire to be the best he can be': Hart eager to prove critics wrong, says Dyche","http://www.dailymail.co.uk/sport/football/article-6040863/Hes-got-desire-best-Hart-eager-prove-critics-wrong-says-Dyche.html","2018-08-09 00:00:00","2018-08-10 16:04:00","1","176042","142","2018-08-10 12:52:33","2018-08-14 11:41:35",\N,\N,\N,\N,\N,\N,"https://dailym.ai/2vscxTu",\N
"2619663","Burnley squad stretched ahead of Europa League clash against Istanbul Basaksehir","http://www.dailymail.co.uk/sport/football/article-6042187/Burnley-squad-stretched-ahead-Europa-League-clash-against-Istanbul-Basaksehir.html","2018-08-09 00:00:00","2018-08-10 01:22:00","1","176042","142","2018-08-10 12:52:46","2018-08-14 11:41:45",\N,\N,\N,\N,\N,\N,"https://dailym.ai/2AVerBb",\N
"2619664","Istanbul Basaksehir v Burnley and Rangers v Maribor Europa League LIVE","http://www.dailymail.co.uk/sport/football/article-6044447/Istanbul-Basaksehir-v-Burnley-Rangers-v-Maribor-Europa-League-qualifiers-LIVE.html","2018-08-10 00:00:00","2018-08-10 12:49:00","1","176042","142","2018-08-10 12:52:58","2018-08-14 11:41:57",\N,\N,\N,\N,\N,\N,"https://dailym.ai/2OY3ly6",\N
"2619665","Istanbul Basaksehir 0-0 Burnley: Sean Dyche's side earn draw in Turkey","http://www.dailymail.co.uk/sport/football/article-6044955/Istanbul-Basaksehir-0-0-Burnley-Sean-Dyches-fail-score-frustrating-leg.html","2018-08-10 00:00:00","2018-08-10 15:50:00","1","176042","142","2018-08-10 12:53:09","2018-08-14 11:42:04",\N,\N,\N,\N,\N,\N,"https://dailym.ai/2MAaweC",\N
"2620144","Elderly woman, 70, and her two great-grandchildren, four and five, die in the California wildfire","http://www.dailymail.co.uk/news/article-6002919/Elderly-woman-70-two-great-grandchildren-four-five-die-California-wildfire.html","2018-07-28 12:34:57","2018-08-10 16:47:00","1","175997","142","2018-08-10 13:26:12","2018-08-14 11:51:34",\N,\N,\N,\N,\N,\N,"https://dailym.ai/2uYKf2H",\N
"2620159","Shocking moment thugs viciously attack elderly Sikh man in Manteca","http://www.dailymail.co.uk/news/article-6039273/Shocking-moment-two-thugs-viciously-attack-elderly-Sikh-man.html","2018-08-08 12:09:48","2018-08-10 08:15:00","1","175877","142","2018-08-10 13:27:26","2018-08-14 11:52:41",\N,\N,\N,\N,\N,\N,"https://dailym.ai/2MpXHDl",\N
"2620165","Australian firefighters come together with American forces to fight California fire in amazing photo","http://www.dailymail.co.uk/news/article-6041363/Australian-firefighters-come-American-forces-fight-California-fire-amazing-photo.html","2018-08-09 00:00:00","2018-08-10 20:42:00","1","175799","142","2018-08-10 13:27:53","2018-08-14 11:52:50",\N,\N,\N,\N,\N,\N,"https://dailym.ai/2ATLuW7",\N
"2620170","California police chief reveals suspect in Sikh man beating is his SON","http://www.dailymail.co.uk/news/article-6043181/Disgusted-police-chief-reveals-suspect-brutal-beating-Sikh-man-teenage-SON.html","2018-08-09 00:00:00","2018-08-10 08:45:00","1","175877","142","2018-08-10 13:28:17","2018-08-14 11:52:57",\N,\N,\N,\N,\N,\N,"https://dailym.ai/2vxdr0V",\N
"2620177","Third firefighter killed in California as smoke now covers three quarters of the state","http://www.dailymail.co.uk/news/article-6045277/Third-firefighter-killed-California-smoke-covers-three-quarters-state.html","2018-08-10 00:00:00","2018-08-10 17:28:00","1","175799","142","2018-08-10 13:28:49","2018-08-14 11:53:10",\N,\N,\N,\N,\N,\N,"https://dailym.ai/2vyHGVj",\N
"2620181","Mother-of-three sets herself on fire, burning down California home, and killing her twin daughters","http://www.dailymail.co.uk/news/article-6045327/Police-Mom-sets-fire-kills-twins.html","2018-08-10 00:00:00","2018-08-10 17:44:00","1","175944","142","2018-08-10 13:29:06","2018-08-14 11:53:24",\N,\N,\N,\N,\N,\N,"https://dailym.ai/2OWRlwU",\N
"2620187","Letter alleges lewd, drunken behavior by lottery officials","http://www.dailymail.co.uk/news/article-6045875/Letter-alleges-lewd-drunken-behavior-lottery-officials.html","2018-08-10 00:00:00","2018-08-10 21:18:00","1","175876","142","2018-08-10 13:29:33","2018-08-14 11:53:54",\N,\N,\N,\N,\N,\N,"https://dailym.ai/2OUO0yF",\N
"2620212","Ruble Tumbles as U.S. Sets Out New Sanctions on Russia","https://www.nytimes.com/2018/08/09/world/europe/russia-sanctions-ruble.html","2018-08-09 00:00:00","2018-08-09 12:00:00","0","175896","28091","2018-08-10 13:30:58","2018-08-14 12:33:00",\N,\N,\N,\N,\N,\N,"https://www.nytimes.com/2018/08/09/world/europe/russia-sanctions-ruble.html",\N
"2620214","Turkey Emerges as Economic Flash Point as Tensions With U.S. Soar","https://www.nytimes.com/2018/08/10/business/turkey-erdogan-economy-lira.html","2018-08-10 00:00:00","2018-08-10 12:00:00","1","175796","28091","2018-08-10 13:31:04","2018-08-14 12:33:09",\N,\N,\N,\N,\N,\N,"https://www.nytimes.com/2018/08/10/business/turkey-erdogan-economy-lira.html",\N
"2620218","Trump Hits Turkey When It’s Down, Doubling Tariffs","https://www.nytimes.com/2018/08/10/us/politics/trump-turkey-tariffs-currency.html","2018-08-10 09:58:23","2018-08-10 12:00:00","0","175796","28091","2018-08-10 13:31:29","2018-08-14 12:34:05",\N,\N,\N,\N,\N,\N,"https://www.nytimes.com/2018/08/10/us/politics/trump-turkey-tariffs-currency.html",\N
"2620364","Trump doubles Turkish tariffs as lira plunges to record lows - business live","https://www.theguardian.com/business/live/2018/aug/10/uk-growth-figures-gdp-house-of-fraser-business-live","2018-08-10 11:39:44","2018-08-10 13:05:56","1","175796","13990","2018-08-10 13:40:11","2018-08-14 12:42:02",\N,\N,\N,\N,\N,\N,"https://www.theguardian.com/business/live/2018/aug/10/uk-growth-figures-gdp-house-of-fraser-business-live?CMP=share_btn_tw",\N
"2620368","Holidays to Turkey rise as lira hits record low against pound","https://www.theguardian.com/travel/2018/aug/09/holiday-bookings-to-turkey-rise-as-lira-hits-all-time-low-against-pound","2018-08-10 00:00:00","2018-08-09 10:38:45","0","176008","13990","2018-08-10 13:40:25","2018-08-14 12:42:07",\N,\N,\N,\N,\N,\N,"https://www.theguardian.com/travel/2018/aug/09/holiday-bookings-to-turkey-rise-as-lira-hits-all-time-low-against-pound?CMP=share_btn_tw",\N
"2620373","Russia blasts new US sanctions as 'theatre of the absurd'","https://www.theguardian.com/world/2018/aug/09/russia-blasts-new-us-sanctions-as-theatre-of-the-absurd","2018-08-09 00:00:00","2018-08-09 06:51:20","0","175896","13990","2018-08-10 13:40:40","2018-08-14 12:42:13",\N,\N,\N,\N,\N,\N,"https://www.theguardian.com/world/2018/aug/09/russia-blasts-new-us-sanctions-as-theatre-of-the-absurd?CMP=share_btn_tw",\N
"2620375","Turkey's economic crisis deepens as Trump doubles tariffs","https://www.theguardian.com/world/2018/aug/10/turkeys-economic-crisis-deepens-as-trump-doubles-tariffs","2018-08-10 10:48:16","2018-08-10 10:09:42","0","175796","13990","2018-08-10 13:40:47","2018-08-14 12:42:18",\N,\N,\N,\N,\N,\N,"https://www.theguardian.com/world/2018/aug/10/turkeys-economic-crisis-deepens-as-trump-doubles-tariffs?CMP=share_btn_tw",\N
"2621057","Man Charged With Arson in Southern California’s Holy Fire","https://www.nytimes.com/2018/08/09/us/california-wildfires-arson.html","2018-08-10 00:00:00","2018-08-09 12:00:00","0","175799","28091","2018-08-10 14:31:00","2018-08-14 13:28:08",\N,\N,\N,\N,\N,\N,"https://www.nytimes.com/2018/08/09/us/california-wildfires-arson.html",\N
"2621058","Police Chief’s Son Charged in Attack on Sikh Man in California","https://www.nytimes.com/2018/08/09/us/sikh-man-attacked-california.html","2018-08-10 00:00:00","2018-08-09 12:00:00","0","175877","28091","2018-08-10 14:31:04","2018-08-14 13:28:10",\N,\N,\N,\N,\N,\N,"https://www.nytimes.com/2018/08/09/us/sikh-man-attacked-california.html",\N
"2621059","Inside the Mendocino Complex Fire Evacuation Zone","https://www.nytimes.com/2018/08/10/us/california-fires-mendocino-complex.html","2018-08-10 00:00:00","2018-08-10 12:00:00","1","175799","28091","2018-08-10 14:31:08","2018-08-14 13:28:13",\N,\N,\N,\N,\N,\N,"https://www.nytimes.com/2018/08/10/us/california-fires-mendocino-complex.html",\N
"2621195","As fires rage statewide, a burned out California mining town looks to rebuild","https://www.washingtonpost.com/national/2018/08/10/fires-rage-statewide-burned-out-california-mining-town-looks-rebuild/","2018-08-10 00:00:00","2018-08-09 09:23:00","0","175799","9","2018-08-10 14:43:36","2018-08-14 13:49:07",\N,\N,\N,\N,\N,\N,"https://www.washingtonpost.com/national/2018/08/10/fires-rage-statewide-burned-out-california-mining-town-looks-rebuild/?tid=ss_tw%26'+snowflakeParam+'",\N
"2621200","Sikh man beaten, spat on. ‘Devastated’ police chief says suspect is ‘my 18-year old son’","https://www.washingtonpost.com/news/morning-mix/wp/2018/08/09/sikh-man-beaten-spat-on-devastated-police-chief-says-suspect-is-my-18-year-old-son/","2018-08-09 00:00:00","2018-08-09 05:58:00","0","175877","9","2018-08-10 14:44:14","2018-08-14 13:50:07",\N,\N,\N,\N,\N,\N,"https://wapo.st/2Op2HIT?tid=ss_tw%26'+snowflakeParam+'",\N
"2621202","This place ‘is going to burn,’ says text allegedly sent by man arrested in California’s Holy Fire","https://www.washingtonpost.com/news/post-nation/wp/2018/08/09/this-place-will-burn-says-email-allegedly-sent-by-man-arrested-in-californias-holy-fire/","2018-08-10 00:00:00","2018-08-09 05:31:00","0","175799","9","2018-08-10 14:44:33","2018-08-14 13:50:44",\N,\N,\N,\N,\N,\N,"https://wapo.st/2MgsKEM?tid=ss_tw%26'+snowflakeParam+'",\N
"2621393","California wildfire smoke set to cause lung issues nationwide","http://www.dailymail.co.uk/health/article-6048497/California-wildfire-smoke-set-cause-lung-issues-nationwide.html","2018-08-10 16:58:07","2018-08-10 16:30:00","1","176052","142","2018-08-10 20:08:58","2018-08-14 11:50:17",\N,\N,\N,\N,\N,\N,"https://dailym.ai/2B1mRXX",\N
"2621405","Incredible drone images show charred trees and burnt-out homes as eighth person dies in California","http://www.dailymail.co.uk/news/article-6045685/Incredible-drone-images-charred-trees-burnt-homes-eighth-person-dies-California.html","2018-08-10 00:00:00","2018-08-10 19:52:00","1","176052","142","2018-08-10 20:10:40","2018-08-14 11:53:40",\N,\N,\N,\N,\N,\N,"https://dailym.ai/2AT7Y9X",\N
"2621407","Governor declares new state of emergency near Los Angeles as Holy Fire threatens thousands of homes","http://www.dailymail.co.uk/news/article-6048007/Governor-declares-new-state-emergency-near-Los-Angeles-Holy-Fire-threatens-thousands-homes.html","2018-08-10 00:00:00","2018-08-10 11:26:00","1","176052","142","2018-08-10 20:11:09","2018-08-14 11:54:03",\N,\N,\N,\N,\N,\N,"https://dailym.ai/2vC7v6Q",\N
"2621505","Erdogan calls on Turks to buy lira 'in response to economic war' ? video","https://www.theguardian.com/world/video/2018/aug/10/erdogan-calls-on-turks-to-buy-lira-in-response-to-economic-war-video","2018-08-10 16:06:24","2018-08-10 15:21:03","0","175796","13990","2018-08-10 20:26:23","2018-08-14 12:42:24",\N,\N,\N,\N,\N,\N,"https://www.theguardian.com/world/video/2018/aug/10/erdogan-calls-on-turks-to-buy-lira-in-response-to-economic-war-video?CMP=share_btn_tw",\N
"2621682","A California town ravaged by wildfire ? in pictures","https://www.theguardian.com/us-news/gallery/2018/aug/10/california-carr-fire-damage-in-pictures-gallery","2018-08-10 00:00:00","2018-08-10 15:54:01","0","176056","13990","2018-08-10 21:08:39","2018-08-14 13:43:40",\N,\N,\N,\N,\N,\N,"https://www.theguardian.com/us-news/gallery/2018/aug/10/california-carr-fire-damage-in-pictures-gallery?CMP=share_btn_tw",\N
"2621753","Opinion | Turkey's Downward Spiral","https://www.nytimes.com/2018/08/10/opinion/turkey-united-states-trump-erdogan.html","2018-08-11 00:00:00","2018-08-10 12:00:00","1","176152","28091","2018-08-11 02:25:10","2018-08-14 12:33:49",\N,\N,\N,\N,\N,\N,"https://www.nytimes.com/2018/08/10/opinion/turkey-united-states-trump-erdogan.html",\N
"2621754","A Litany of Grievances: How Turkish-American Relations Deteriorated","https://www.nytimes.com/2018/08/10/world/europe/turkey-united-states-tensions.html","2018-08-11 00:00:00","2018-08-10 12:00:00","0","176152","28091","2018-08-11 02:25:23","2018-08-14 12:34:07",\N,\N,\N,\N,\N,\N,"https://www.nytimes.com/2018/08/10/world/europe/turkey-united-states-tensions.html",\N
"2622088","Three of California's Biggest Fires Ever Are Burning Right Now","https://www.nytimes.com/interactive/2018/08/10/us/california-fires.html","2018-08-10 20:18:25","2018-08-10 12:00:00","0","176151","28091","2018-08-11 04:21:53","2018-08-14 13:28:17",\N,\N,\N,\N,\N,\N,"https://www.nytimes.com/interactive/2018/08/10/us/california-fires.html",\N
"2622243","Turkey's Financial Crisis Surprised Many. Except This Analyst.","https://www.nytimes.com/2018/08/11/business/turkey-lira-crisis.html","2018-08-11 06:00:35","2018-08-11 12:00:00","1","176152","28091","2018-08-11 09:52:17","2018-08-14 12:34:09",\N,\N,\N,\N,\N,\N,"https://www.nytimes.com/2018/08/11/business/turkey-lira-crisis.html",\N
"2622244","Opinion | Partying Like It's 1998","https://www.nytimes.com/2018/08/11/opinion/partying-like-its-1998.html","2018-08-11 04:11:13","2018-08-11 12:00:00","1","176260","28091","2018-08-11 09:52:21","2018-08-14 12:34:17",\N,\N,\N,\N,\N,\N,"https://www.nytimes.com/2018/08/11/opinion/partying-like-its-1998.html",\N
"2622294","Images show devastation left by California wildfires","http://www.dailymail.co.uk/news/article-6002225/Eerie-images-devastation-left-wildfires-raging-California.html","2018-07-28 10:22:31","2018-08-11 09:27:00","1","176305","142","2018-08-11 10:35:37","2018-08-14 11:50:45",\N,\N,\N,\N,\N,\N,"https://dailym.ai/2uWxWDV",\N
"2622295","Trump insists California wildfires can be stopped by capturing water","http://www.dailymail.co.uk/news/article-6031931/Trump-sends-baffling-tweet-claming-California-wildfires-stopped-capturing-water.html","2018-08-07 09:54:44","2018-08-11 11:33:00","1","176300","142","2018-08-11 10:37:36","2018-08-14 11:52:01",\N,\N,\N,\N,\N,\N,"https://dailym.ai/2vmh0XS",\N
"2622296","Man accused of setting Holy Fire lashes out in court outburst","http://www.dailymail.co.uk/news/article-6049575/Man-accused-setting-Holy-Fire-lashes-court-outburst.html","2018-08-11 00:00:00","2018-08-11 22:52:00","1","176239","142","2018-08-11 10:39:28","2018-08-14 11:54:17",\N,\N,\N,\N,\N,\N,"https://dailym.ai/2MCahQ9",\N
"2622623","Turkish turmoil knocks US and European stocks lower","http://www.dailymail.co.uk/wires/ap/article-6047801/Turmoil-Turkey-sends-US-European-stocks-sharply-lower.html","2018-08-10 00:00:00","2018-08-11 10:33:00","0","176314","142","2018-08-11 16:53:47","2018-08-14 11:42:15",\N,\N,\N,\N,\N,\N,"https://dailym.ai/2vFJ6xx",\N
"2622664","Turkey, Trump, N.F.L.: Your Friday Evening Briefing","https://www.nytimes.com/2018/08/10/briefing/turkey-trump-nfl.html","2018-08-11 00:00:00","2018-08-10 12:00:00","0","176315","28091","2018-08-11 17:28:54","2018-08-14 12:33:06",\N,\N,\N,\N,\N,\N,"https://www.nytimes.com/2018/08/10/briefing/turkey-trump-nfl.html",\N
"2622715","Plane flies over billowing smoke from the California wildfires","http://www.dailymail.co.uk/news/article-6038263/Battling-18-blazes-California-face-worst-fire-season.html","2018-08-08 17:25:39","2018-08-11 02:03:00","1","176300","142","2018-08-11 17:58:29","2018-08-14 11:52:31",\N,\N,\N,\N,\N,\N,"https://dailym.ai/2AQK7rj",\N
"2622716","California scorched by raging wildfires the size of LA","http://www.dailymail.co.uk/wires/afp/article-6036093/California-scorched-raging-wildfires-size-LA.html","2018-08-07 17:23:15","2018-08-11 12:22:00","0","176300","142","2018-08-11 18:00:30","2018-08-14 11:54:45",\N,\N,\N,\N,\N,\N,"https://dailym.ai/2vqRmB8",\N
"2622926","Fallout from Donald Trump's trade war with Turkey may lead to financial turmoil across Europe","http://www.dailymail.co.uk/news/article-6051327/Fallout-Donald-Trumps-trade-war-Turkey-lead-financial-turmoil-Europe.html","2018-08-11 20:47:47","2018-08-12 20:08:00","1","176382","142","2018-08-12 00:16:01","2018-08-14 11:40:52",\N,\N,\N,\N,\N,\N,"https://dailym.ai/2MDaqCW",\N
"2622967","Erdo?an calls on Turks to back lira by selling their dollars and euros","https://www.theguardian.com/world/2018/aug/11/erdogan-urges-turks-to-sell-dollars-and-euros-to-support-lira","2018-08-12 00:00:00","2018-08-11 10:09:25","0","176382","13990","2018-08-12 01:00:54","2018-08-14 12:42:21",\N,\N,\N,\N,\N,\N,"https://www.theguardian.com/world/2018/aug/11/erdogan-urges-turks-to-sell-dollars-and-euros-to-support-lira?CMP=share_btn_tw",\N
"2623135","California firefighters continue to battle Holy Fire raging","http://www.dailymail.co.uk/news/article-6050645/Firefighters-continue-battle-furious-Holy-Fire-raging-South-California.html","2018-08-12 00:00:00","2018-08-12 13:19:00","1","176449","142","2018-08-12 08:54:43","2018-08-14 11:54:29",\N,\N,\N,\N,\N,\N,"https://dailym.ai/2vCRHkq",\N
"2623313","Governor Demands Bill Nelson Back Up Claims That Russia Hacked Florida Voting Systems","https://www.nytimes.com/2018/08/10/us/florida-elections-russian-hackers-nelson-scott.html","2018-08-14 00:00:00","2018-08-10 12:00:00","0","176611","28091","2018-08-14 16:18:54","2018-08-15 22:51:31",\N,\N,\N,\N,\N,\N,"https://www.nytimes.com/2018/08/10/us/florida-elections-russian-hackers-nelson-scott.html",\N
"2623314","Back-to-School Shopping for Districts: Armed Guards, Cameras and Metal Detectors","https://www.nytimes.com/2018/08/11/us/back-to-school-security-guns.html","2018-08-14 00:00:00","2018-08-11 12:00:00","1","176601","28091","2018-08-14 16:18:57","2018-08-15 22:51:34",\N,\N,\N,\N,\N,\N,"https://www.nytimes.com/2018/08/11/us/back-to-school-security-guns.html",\N
"2623315","Florida Prosecutors Charge Man in ‘Stand Your Ground’ Killing","https://www.nytimes.com/2018/08/13/us/florida-stand-your-ground-shooting.html","2018-08-14 00:00:00","2018-08-13 12:00:00","0","176577","28091","2018-08-14 16:19:08","2018-08-15 22:51:44",\N,\N,\N,\N,\N,\N,"https://www.nytimes.com/2018/08/13/us/florida-stand-your-ground-shooting.html",\N
"2623316","Candidate for Florida State House Admits She Lied About Graduating From College","https://www.nytimes.com/2018/08/13/us/melissa-howard-diploma-florida-gop.html","2018-08-14 00:00:00","2018-08-13 12:00:00","0","176591","28091","2018-08-14 16:19:12","2018-08-15 22:51:48",\N,\N,\N,\N,\N,\N,"https://www.nytimes.com/2018/08/13/us/melissa-howard-diploma-florida-gop.html",\N
"2623324","Toxic 'red tide' algae bloom is killing Florida wildlife and menacing tourism","https://www.theguardian.com/us-news/2018/aug/13/florida-gulf-coast-red-tide-toxic-algae-bloom-killing-florida-wildlife","2018-08-14 00:00:00","2018-08-14 01:00:52","0","176547","13990","2018-08-14 16:19:44","2018-08-15 22:52:27",\N,\N,\N,\N,\N,\N,"https://www.theguardian.com/us-news/2018/aug/13/florida-gulf-coast-red-tide-toxic-algae-bloom-killing-florida-wildlife?CMP=share_btn_tw",\N
"2623325","Florida man charged over shooting in 'stand your ground' case","https://www.theguardian.com/us-news/2018/aug/13/florida-michael-drejka-manslaughter-charge","2018-08-14 00:00:00","2018-08-13 15:48:06","0","176603","13990","2018-08-14 16:19:48","2018-08-15 22:52:32",\N,\N,\N,\N,\N,\N,"https://www.theguardian.com/us-news/2018/aug/13/florida-michael-drejka-manslaughter-charge?CMP=share_btn_tw",\N
"2623339","Man charged in ’stand your ground’ killing has history of gun threats, prosecutors say","https://www.washingtonpost.com/news/post-nation/wp/2018/08/13/sheriff-called-parking-lot-shooting-legal-under-stand-your-ground-laws-prosecutors-disagreed/","2018-08-14 00:00:00","2018-08-14 09:46:00","0","176546","9","2018-08-14 16:20:39","2018-08-15 22:53:16",\N,\N,\N,\N,\N,\N,"https://wapo.st/2P6xj31?tid=ss_tw%26'+snowflakeParam+'",\N
"2623342","Red-tide algae’s deadly trail of marine animals has triggered a state of emergency in Florida","https://www.washingtonpost.com/news/speaking-of-science/wp/2018/08/14/red-tide-algaes-deadly-trail-of-marine-animals-has-triggered-a-state-of-emergency-in-florida/","2018-08-14 00:00:00","2018-08-14 02:11:00","0","176533","9","2018-08-14 16:20:49","2018-08-15 22:53:25",\N,\N,\N,\N,\N,\N,"https://wapo.st/2MQ2DBy?tid=ss_tw%26'+snowflakeParam+'",\N
"2623414","Vaccine row in Italy over law banning children from school if they haven't received jabs","http://www.dailymail.co.uk/news/article-6051991/Vaccine-row-Italy-law-banning-children-school-havent-received-jabs.html","2018-08-12 16:16:54","2018-08-14 05:00:00","1","176640","142","2018-08-14 16:25:33","2018-08-15 22:49:05",\N,\N,\N,\N,\N,\N,"https://dailym.ai/2MAayTA",\N
"2623420","Migrants rescued by an aid group in the Mediterranean claim FIVE ships ignored them","http://www.dailymail.co.uk/news/article-6053569/Migrants-rescued-aid-group-Mediterranean-claim-FIVE-ships-ignored-them.html","2018-08-13 00:00:00","2018-08-14 19:36:00","1","176538","142","2018-08-14 16:26:07","2018-08-15 22:49:26",\N,\N,\N,\N,\N,\N,"https://dailym.ai/2MFKt5B",\N
"2623422","Samantha Bee Skewers Paul Manafort and Donald Trump Jr.","https://www.nytimes.com/2018/08/09/arts/television/samantha-bee-paul-manafort-donald-trump-jr.html","2018-08-14 00:00:00","2018-08-09 12:00:00","0","176639","28091","2018-08-14 16:26:16","2018-08-15 23:11:59",\N,\N,\N,\N,\N,\N,"https://www.nytimes.com/2018/08/09/arts/television/samantha-bee-paul-manafort-donald-trump-jr.html",\N
"2623423","Manafort Trial’s Spectators: ‘Why Go to Cancun’ When You Can See History?","https://www.nytimes.com/2018/08/13/us/politics/manafort-trial-spectators.html","2018-08-14 00:00:00","2018-08-13 12:00:00","1","176602","28091","2018-08-14 16:26:21","2018-08-15 23:12:47",\N,\N,\N,\N,\N,\N,"https://www.nytimes.com/2018/08/13/us/politics/manafort-trial-spectators.html",\N
"2623424","Italy says BRITAIN must take in 141 migrants plucked from the Mediterranean","http://www.dailymail.co.uk/news/article-6055311/UK-responsible-141-migrants-rescued-Mediterranean-Italy-says.html","2018-08-13 00:00:00","2018-08-14 08:18:00","1","176538","142","2018-08-14 16:26:22","2018-08-15 22:49:37",\N,\N,\N,\N,\N,\N,"https://dailym.ai/2MLXACw",\N
"2623425","The Revenge of the Lesser Trumps","https://www.nytimes.com/2018/08/14/opinion/trump-omarosa-avenatti.html","2018-08-14 00:00:00","2018-08-14 12:00:00","1","176664","28091","2018-08-14 16:26:27","2018-08-15 23:12:53",\N,\N,\N,\N,\N,\N,"https://www.nytimes.com/2018/08/14/opinion/trump-omarosa-avenatti.html",\N
"2623426","Trump’s ‘That Dog’ Attack on Omarosa Manigault Newman Is Latest Insult Aimed at Black People","https://www.nytimes.com/2018/08/14/us/politics/trump-omarosa-dog.html","2018-08-14 00:00:00","2018-08-14 12:00:00","1","176685","28091","2018-08-14 16:26:53","2018-08-15 23:11:11",\N,\N,\N,\N,\N,\N,"https://www.nytimes.com/2018/08/14/us/politics/trump-omarosa-dog.html",\N
"2623437","Paul Manafort's lawyers conclude case without calling any witnesses","https://www.theguardian.com/us-news/2018/aug/14/paul-manafort-trial-latest-news-witnesses-defence-rick-gates","2018-08-14 13:12:06","2018-08-14 12:34:02","0","176522","13990","2018-08-14 16:28:49","2018-08-15 23:19:52",\N,\N,\N,\N,\N,\N,"https://www.theguardian.com/us-news/2018/aug/14/paul-manafort-trial-latest-news-witnesses-defence-rick-gates?CMP=share_btn_tw",\N
"2623444","Are rich people more likely to lie, cheat, steal? Science explains the world of Manafort and Gates.","https://www.washingtonpost.com/news/speaking-of-science/wp/2018/08/13/are-rich-people-more-likely-to-lie-cheat-steal-science-explains-the-world-of-manafort-and-gates/","2018-08-14 00:00:00","2018-08-13 11:08:00","0","176678","9","2018-08-14 16:29:31","2018-08-15 23:22:57",\N,\N,\N,\N,\N,\N,"https://wapo.st/2MhM2Kb?tid=ss_tw%26'+snowflakeParam+'",\N
"2623554","A Gas Pipeline to Italy? Five Star Backers Sense a Betrayal","https://www.nytimes.com/2018/08/12/world/europe/italy-pipeline-five-star.html","2018-08-14 00:00:00","2018-08-12 12:00:00","0","176635","28091","2018-08-14 16:36:53","2018-08-15 22:59:50",\N,\N,\N,\N,\N,\N,"https://www.nytimes.com/2018/08/12/world/europe/italy-pipeline-five-star.html",\N
"2623576","Trump demands Mueller end the Russia probe after Strzok firing","http://www.dailymail.co.uk/news/article-6055997/FBI-lover-Peter-Strzok-FINALLY-fired-Trump-hating-texts-lover.html","2018-08-13 00:00:00","2018-08-14 11:32:00","1","176589","142","2018-08-14 16:37:55","2018-08-15 22:50:06",\N,\N,\N,\N,\N,\N,"https://dailym.ai/2vHGM95",\N
"2623586","How Matteo Salvini pulled Italy to the far right","https://www.theguardian.com/news/2018/aug/09/how-matteo-salvini-pulled-italy-to-the-far-right","2018-08-14 00:00:00","2018-08-09 01:00:08","0","176704","13990","2018-08-14 16:38:36","2018-08-15 23:02:08",\N,\N,\N,\N,\N,\N,"https://www.theguardian.com/news/2018/aug/09/how-matteo-salvini-pulled-italy-to-the-far-right?CMP=share_btn_tw",\N
"2623588","Three Italian climbers found dead on Mont Blanc","https://www.theguardian.com/world/2018/aug/10/three-italian-climbers-found-dead-on-mont-blanc","2018-08-14 00:00:00","2018-08-10 13:53:12","0","176689","13990","2018-08-14 16:38:44","2018-08-15 23:02:19",\N,\N,\N,\N,\N,\N,"https://www.theguardian.com/world/2018/aug/10/three-italian-climbers-found-dead-on-mont-blanc?CMP=share_btn_tw",\N
"2623589","UK should take in 141 migrants stranded on rescue ship, Italy says","https://www.theguardian.com/world/2018/aug/13/uk-should-take-migrants-stranded-rescue-ship-italy-says","2018-08-13 00:00:00","2018-08-13 11:58:22","0","176538","13990","2018-08-14 16:38:48","2018-08-15 23:02:23",\N,\N,\N,\N,\N,\N,"https://www.theguardian.com/world/2018/aug/13/uk-should-take-migrants-stranded-rescue-ship-italy-says?CMP=share_btn_tw",\N
"2623612","Fired FBI lover starts a GoFundMe for legal bills and joins Twitter","http://www.dailymail.co.uk/news/article-6057059/Fired-FBI-lover-starts-GoFundMe-legal-bills-joins-Twitter.html","2018-08-14 00:00:00","2018-08-14 18:08:00","1","176589","142","2018-08-14 16:41:13","2018-08-15 22:51:56",\N,\N,\N,\N,\N,\N,"https://dailym.ai/2vDNfSA",\N
"2623613","Trump pressures Sessions to fire official whose wife worked at dirty dossier firm","http://www.dailymail.co.uk/news/article-6059447/Trump-pressures-Sessions-fire-official-wife-worked-dirty-dossier-firm.html","2018-08-14 00:00:00","2018-08-14 09:46:00","1","176528","142","2018-08-14 16:43:55","2018-08-15 22:53:18",\N,\N,\N,\N,\N,\N,"https://dailym.ai/2P1K3rX",\N
"2623614","Trump uses Strzok firing to demand an end to the special counsel probe","http://www.dailymail.co.uk/news/article-6059795/Trump-makes-new-push-special-counsel-investigation-terminated-Strzok-firing.html","2018-08-14 12:13:05","2018-08-14 11:39:00","1","176528","142","2018-08-14 16:44:11","2018-08-15 22:53:32",\N,\N,\N,\N,\N,\N,"https://dailym.ai/2BclHsJ",\N
"2623772","Paris Cabarets: Can We Ask for More Than the Cancan?","https://www.nytimes.com/2018/08/09/theater/paris-cabaret-moulin-rouge-crazy-horse.html","2018-08-14 00:00:00","2018-08-09 12:00:00","0","176807","28091","2018-08-14 16:53:47","2018-08-15 23:26:17",\N,\N,\N,\N,\N,\N,"https://www.nytimes.com/2018/08/09/theater/paris-cabaret-moulin-rouge-crazy-horse.html",\N
"2623774","The Paris Gay Games in Pictures: ‘The Atmosphere Is Really Electric’","https://www.nytimes.com/2018/08/12/sports/paris-gay-games-2018.html","2018-08-12 16:41:05","2018-08-12 12:00:00","0","176793","28091","2018-08-14 16:53:52","2018-08-15 23:26:21",\N,\N,\N,\N,\N,\N,"https://www.nytimes.com/2018/08/12/sports/paris-gay-games-2018.html",\N
"2623818","Family Feud Breaks Out Between Judiciary Committee Chairman and Son","https://www.nytimes.com/2018/08/13/us/politics/goodlatte-family-feud.html","2018-08-14 00:00:00","2018-08-13 12:00:00","0","176729","28091","2018-08-14 16:56:03","2018-08-15 23:08:46",\N,\N,\N,\N,\N,\N,"https://www.nytimes.com/2018/08/13/us/politics/goodlatte-family-feud.html",\N
"2623820","F.B.I. Agent Peter Strzok, Who Criticized Trump in Texts, Is Fired","https://www.nytimes.com/2018/08/13/us/politics/peter-strzok-fired-fbi.html","2018-08-13 00:00:00","2018-08-13 12:00:00","1","176589","28091","2018-08-14 16:56:08","2018-08-15 23:08:51",\N,\N,\N,\N,\N,\N,"https://www.nytimes.com/2018/08/13/us/politics/peter-strzok-fired-fbi.html",\N
"2623825","Was Another F.B.I. Agent Thrown Under the Bus for Trump?","https://www.nytimes.com/2018/08/14/opinion/peter-strzok-fbi-trump-russia.html","2018-08-14 00:00:00","2018-08-14 12:00:00","0","176724","28091","2018-08-14 16:58:45","2018-08-15 23:11:04",\N,\N,\N,\N,\N,\N,"https://www.nytimes.com/2018/08/14/opinion/peter-strzok-fbi-trump-russia.html",\N
"2623870","Peter Strzok: FBI fires agent who criticized Trump in text messages","https://www.theguardian.com/us-news/2018/aug/13/fbi-fires-peter-strzok-agent-who-criticized-trump-in-text-messages","2018-08-13 00:00:00","2018-08-13 13:04:55","0","176589","13990","2018-08-14 17:01:58","2018-08-15 23:15:20",\N,\N,\N,\N,\N,\N,"https://www.theguardian.com/us-news/2018/aug/13/fbi-fires-peter-strzok-agent-who-criticized-trump-in-text-messages?CMP=share_btn_tw",\N
"2623871","Trump backs customer boycott of Harley-Davidson","http://www.dailymail.co.uk/news/article-6052659/Trump-calls-Harley-Davidson-warns-companies-boycotting-US.html","2018-08-12 16:50:14","2018-08-14 11:48:00","1","176823","142","2018-08-14 17:01:59","2018-08-15 23:07:27",\N,\N,\N,\N,\N,\N,"https://dailym.ai/2vCWXEs",\N
"2624105","Wisconsin Faces a Political Crossroads Tuesday. Which Way Will It Go?","https://www.nytimes.com/2018/08/12/us/politics/wisconsin-scott-walker-election.html","2018-08-14 00:00:00","2018-08-12 12:00:00","1","176903","28091","2018-08-14 17:17:26","2018-08-15 23:27:49",\N,\N,\N,\N,\N,\N,"https://www.nytimes.com/2018/08/12/us/politics/wisconsin-scott-walker-election.html",\N
"2624106","This Former ‘Teacher of the Year’ Wants to Be Connecticut’s First Black Democrat in Congress","https://www.nytimes.com/2018/08/14/us/politics/jahana-hayes-teacher-connecticut.html","2018-08-14 00:00:00","2018-08-14 12:00:00","1","176688","28091","2018-08-14 17:18:12","2018-08-15 23:28:14",\N,\N,\N,\N,\N,\N,"https://www.nytimes.com/2018/08/14/us/politics/jahana-hayes-teacher-connecticut.html",\N
"2624107","4 States Are Voting on Tuesday. Here’s What to Watch.","https://www.nytimes.com/2018/08/14/us/politics/primary-elections-minnesota-wisconsin-vermont-connecticut.html","2018-08-14 00:00:00","2018-08-14 12:00:00","1","176688","28091","2018-08-14 17:18:23","2018-08-15 23:28:23",\N,\N,\N,\N,\N,\N,"https://www.nytimes.com/2018/08/14/us/politics/primary-elections-minnesota-wisconsin-vermont-connecticut.html",\N
"2624108","Wisconsin Primary Election Results","https://www.nytimes.com/interactive/2018/08/14/us/elections/results-wisconsin-primary-elections.html","2018-08-14 15:41:01","2018-08-14 12:00:00","0","176688","28091","2018-08-14 17:18:27","2018-08-15 23:28:26",\N,\N,\N,\N,\N,\N,"https://www.nytimes.com/interactive/2018/08/14/us/elections/results-wisconsin-primary-elections.html",\N
"2624157","Once a rising star, Scott Walker is still looking for his path in Trump’s Republican Party","https://www.washingtonpost.com/national/once-a-rising-star-scott-walker-is-still-looking-for-his-path-in-trumps-republican-party/2018/08/12/09d02496-9c99-11e8-8d5e-c6c594024954_story.html","2018-08-13 00:00:00","2018-08-12 07:34:00","0","176688","9","2018-08-14 17:21:36","2018-08-15 23:30:37",\N,\N,\N,\N,\N,\N,"https://wapo.st/2P3to7a?tid=ss_tw%26'+snowflakeParam+'",\N
"2624581","Alexandria Ocasio-Cortez Likens $10,000 Debate Offer by Conservative Columnist to Catcalling","https://www.nytimes.com/2018/08/10/nyregion/alexandria-ocasio-cortez-debate-catcalling-ben-shapiro.html","2018-08-10 17:02:36","2018-08-10 12:00:00","0","176871","28091","2018-08-14 18:04:13","2018-08-15 23:31:19",\N,\N,\N,\N,\N,\N,"https://www.nytimes.com/2018/08/10/nyregion/alexandria-ocasio-cortez-debate-catcalling-ben-shapiro.html",\N
"2624587","Hawaii Primary Election Results","https://www.nytimes.com/interactive/2018/08/11/us/elections/results-hawaii-primary-elections.html","2018-08-13 00:00:00","2018-08-11 12:00:00","0","176842","28091","2018-08-14 18:04:44","2018-08-15 23:31:39",\N,\N,\N,\N,\N,\N,"https://www.nytimes.com/interactive/2018/08/11/us/elections/results-hawaii-primary-elections.html",\N
"2624635","The Guardian view on the US midterms: a test for Trump and for a nation","https://www.theguardian.com/commentisfree/2018/aug/10/the-guardian-view-of-the-us-midterms-a-test-for-trump-and-for-a-nation","2018-08-10 16:43:46","2018-08-10 12:05:47","1","176770","13990","2018-08-14 18:09:23","2018-08-15 23:33:57",\N,\N,\N,\N,\N,\N,"https://www.theguardian.com/commentisfree/2018/aug/10/the-guardian-view-of-the-us-midterms-a-test-for-trump-and-for-a-nation?CMP=share_btn_tw",\N
"2624681","Winners of Hawaii’s Democratic primaries favored in November","https://www.washingtonpost.com/national/winners-of-hawaiis-democratic-primaries-favored-in-november/2018/08/11/67d0066c-9d2d-11e8-a8d8-9b4c13286d6b_story.html","2018-08-11 16:52:19","2018-08-11 12:37:00","0","176842","9","2018-08-14 18:13:40","2018-08-15 23:36:09",\N,\N,\N,\N,\N,\N,"https://wapo.st/2AXlh9g?tid=ss_tw%26'+snowflakeParam+'",\N
"2624772","Defense rests in Paul Manafort fraud trial without calling any witnesses","http://www.dailymail.co.uk/news/article-6059129/Manafort-seeks-acquittal-tax-bank-fraud-trial-moves-defense.html","2018-08-14 00:00:00","2018-08-14 07:54:00","1","176975","142","2018-08-14 22:55:16","2018-08-15 22:50:17",\N,\N,\N,\N,\N,\N,"https://dailym.ai/2vHg9RG",\N
"2624903","Judge in Manafort Trial Is a ‘Caesar’ in His Own Rome","https://www.nytimes.com/2018/08/09/us/politics/judge-ellis-manafort-trial.html","2018-08-09 22:46:56","2018-08-09 12:00:00","1","176997","28091","2018-08-14 23:11:43","2018-08-15 23:12:04",\N,\N,\N,\N,\N,\N,"https://www.nytimes.com/2018/08/09/us/politics/judge-ellis-manafort-trial.html",\N
"2624904","Manafort Leaned on Ties to Trump to Win Loans, a Bank Official Testifies","https://www.nytimes.com/2018/08/10/us/politics/manafort-trial-bank-fraud-stephen-calk.html","2018-08-10 22:39:33","2018-08-10 12:00:00","0","176997","28091","2018-08-14 23:12:38","2018-08-15 23:12:41",\N,\N,\N,\N,\N,\N,"https://www.nytimes.com/2018/08/10/us/politics/manafort-trial-bank-fraud-stephen-calk.html",\N
"2624905","Manafort Lawyers Rest Without Calling Witnesses in Fraud Trial","https://www.nytimes.com/2018/08/14/us/politics/paul-manafort-trial.html","2018-08-14 00:00:00","2018-08-14 12:00:00","1","176975","28091","2018-08-14 23:13:37","2018-08-15 23:14:12",\N,\N,\N,\N,\N,\N,"https://www.nytimes.com/2018/08/14/us/politics/paul-manafort-trial.html",\N
